Crop_Type,Soil_Type,Climate,Rainfall_mm,Temperature_C,Fertilizer_kg,Irrigation_hours,Crop_Yield_kg
Wheat,Loamy,Temperate,450,18,120,40,4200
Rice,Clay,Tropical,1200,28,150,80,5800
Corn,Sandy,Subtropical,600,24,100,50,4800
Barley,Loamy,Temperate,400,16,110,35,3900
Soybean,Clay,Temperate,500,22,90,45,3200
Wheat,Clay,Temperate,480,19,125,42,4350
Rice,Loamy,Tropical,1150,27,145,75,5600
Corn,Clay,Subtropical,620,25,105,52,4950
Barley,Sandy,Temperate,420,17,115,38,4050
Soybean,Loamy,Temperate,520,21,95,48,3350
Wheat,Sandy,Temperate,430,17,115,37,3950
Rice,Sandy,Tropical,1100,26,140,70,5200
Corn,Loamy,Subtropical,580,23,98,48,4650
Barley,Clay,Temperate,440,18,118,40,4100
Soybean,Sandy,Temperate,490,20,88,43,3100
Wheat,Loamy,Continental,420,15,108,36,3800
Rice,Clay,Subtropical,900,25,135,65,4800
Corn,Sandy,Temperate,550,21,92,46,4200
Barley,Loamy,Continental,380,14,105,32,3600
Soybean,Clay,Subtropical,460,23,85,42,3050
Wheat,Clay,Continental,400,14,100,34,3600
Rice,Loamy,Subtropical,950,24,138,68,5000
Corn,Loamy,Temperate,520,20,95,44,4400
Barley,Sandy,Continental,360,13,100,30,3400
Soybean,Sandy,Temperate,470,20,82,41,2950
Wheat,Sandy,Continental,380,13,98,33,3500
Rice,Sandy,Subtropical,870,23,130,62,4600
Corn,Clay,Temperate,540,22,97,47,4550
Barley,Clay,Subtropical,460,20,122,42,4200
Soybean,Loamy,Subtropical,510,24,92,46,3400
Wheat,Loamy,Temperate,460,18,122,41,4250
Rice,Clay,Tropical,1220,29,152,82,5900
Corn,Sandy,Subtropical,610,24,102,51,4850
Barley,Loamy,Temperate,410,16,112,36,3950
Soybean,Clay,Temperate,510,22,92,46,3250
Wheat,Sandy,Temperate,440,17,116,38,4000
Rice,Loamy,Tropical,1170,27,147,76,5650
Corn,Clay,Subtropical,630,25,107,53,5000
Barley,Sandy,Temperate,430,18,117,39,4080
Soybean,Loamy,Subtropical,525,23,94,47,3380
Wheat,Clay,Continental,410,15,103,35,3700
Rice,Sandy,Tropical,1050,26,132,64,4900
Corn,Loamy,Temperate,560,21,99,47,4500
Barley,Clay,Continental,370,13,102,31,3500
Soybean,Sandy,Subtropical,480,22,87,43,3150
Wheat,Loamy,Temperate,470,19,124,41,4300
Rice,Clay,Subtropical,920,24,136,66,4850
Corn,Sandy,Temperate,545,20,94,45,4300
Barley,Loamy,Subtropical,450,19,120,41,4150
Soybean,Clay,Temperate,500,21,89,44,3200
Wheat,Sandy,Temperate,435,17,113,37,3880
Rice,Sandy,Tropical,1080,26,138,68,5100
Corn,Clay,Subtropical,595,24,103,50,4780
Barley,Sandy,Continental,375,14,104,32,3480
Soybean,Loamy,Temperate,505,22,91,45,3280
Wheat,Clay,Temperate,465,18,121,40,4180
Rice,Loamy,Tropical,1190,28,149,79,5780
Corn,Loamy,Subtropical,585,23,99,49,4700
Barley,Clay,Temperate,445,17,116,39,4050
Soybean,Sandy,Subtropical,495,23,90,45,3230
Wheat,Loamy,Continental,425,15,109,36,3820
Rice,Clay,Tropical,1210,28,151,81,5850
Corn,Sandy,Subtropical,605,24,101,50,4820
Barley,Loamy,Continental,385,14,107,33,3650
Soybean,Clay,Continental,455,19,84,41,2980
Wheat,Sandy,Continental,390,13,99,34,3550
Rice,Loamy,Subtropical,960,24,137,67,5020
Corn,Clay,Temperate,530,21,96,46,4480
Barley,Sandy,Subtropical,465,20,123,43,4220
Soybean,Loamy,Subtropical,515,24,93,47,3420
Wheat,Clay,Subtropical,445,20,119,39,4080
Rice,Sandy,Subtropical,880,23,131,63,4650
Corn,Loamy,Subtropical,575,23,97,48,4620
Barley,Clay,Subtropical,455,19,119,41,4130
Soybean,Sandy,Continental,465,19,83,41,2920
Wheat,Loamy,Subtropical,455,20,123,41,4230
Rice,Clay,Subtropical,910,24,133,65,4750
Corn,Sandy,Subtropical,570,22,96,47,4560
Barley,Loamy,Subtropical,448,19,121,41,4170
Soybean,Clay,Subtropical,508,23,88,44,3170
Wheat,Sandy,Subtropical,428,18,114,38,3930
Rice,Sandy,Subtropical,895,23,129,62,4580
Corn,Clay,Subtropical,588,24,104,51,4810
Barley,Sandy,Subtropical,462,20,121,42,4190
Soybean,Loamy,Continental,498,20,89,44,3120
Wheat,Clay,Subtropical,453,19,120,40,4130
Rice,Loamy,Subtropical,945,24,136,67,4970
Corn,Loamy,Subtropical,578,23,98,49,4680
Barley,Clay,Subtropical,452,19,120,42,4170
Soybean,Sandy,Subtropical,483,22,86,43,3080
Wheat,Loamy,Subtropical,462,20,122,41,4220
Rice,Clay,Subtropical,930,24,134,66,4820
Corn,Sandy,Subtropical,565,22,95,47,4530
Barley,Loamy,Continental,388,14,108,34,3680
Soybean,Clay,Continental,458,19,85,42,3000
Wheat,Sandy,Subtropical,432,18,115,38,3960
Rice,Sandy,Subtropical,905,23,132,64,4700
Corn,Clay,Subtropical,592,24,105,52,4860
Barley,Sandy,Subtropical,468,20,122,43,4210
Soybean,Loamy,Subtropical,518,24,93,47,3440
