Customer_ID,Age,Gender,Income,Segment,Total_Purchases,Avg_Purchase_Value,Last_Purchase_Days
C001,28,Female,45000,Premium,15,350000,5
C002,35,Male,65000,Premium,22,420000,3
C003,42,Female,38000,Standard,8,180000,14
C004,31,Male,72000,Premium,30,550000,1
C005,55,Female,28000,Basic,4,95000,30
C006,24,Male,35000,Standard,11,210000,7
C007,47,Female,80000,VIP,45,820000,2
C008,33,Male,52000,Standard,18,290000,10
C009,29,Female,41000,Standard,12,240000,8
C010,61,Male,25000,Basic,3,75000,45
C011,38,Female,68000,Premium,25,480000,4
C012,26,Male,30000,Basic,6,120000,21
C013,44,Female,90000,VIP,52,950000,1
C014,32,Male,55000,Standard,16,270000,12
C015,50,Female,43000,Standard,10,200000,18
C016,27,Male,38000,Standard,9,175000,15
C017,36,Female,75000,Premium,28,510000,3
C018,58,Male,22000,Basic,2,60000,60
C019,30,Female,48000,Standard,14,260000,9
C020,41,Male,85000,VIP,40,780000,2
C021,25,Female,32000,Basic,7,130000,25
C022,34,Male,60000,Premium,20,390000,6
C023,48,Female,70000,Premium,27,495000,4
C024,29,Male,44000,Standard,13,235000,11
C025,53,Female,35000,Standard,8,165000,19
C026,37,Male,78000,Premium,32,580000,2
C027,23,Female,28000,Basic,5,105000,35
C028,45,Male,92000,VIP,48,880000,1
C029,31,Female,51000,Standard,17,280000,8
C030,62,Male,20000,Basic,2,55000,70
C031,28,Female,40000,Standard,10,195000,13
C032,39,Male,67000,Premium,24,460000,5
C033,46,Female,82000,VIP,43,810000,2
C034,33,Male,49000,Standard,15,255000,10
C035,57,Female,31000,Basic,4,88000,40
C036,26,Male,36000,Standard,11,215000,16
C037,42,Female,73000,Premium,29,525000,3
C038,35,Male,58000,Premium,21,395000,7
C039,49,Female,88000,VIP,50,920000,1
C040,30,Male,46000,Standard,14,250000,11
C041,27,Female,33000,Basic,6,115000,28
C042,44,Male,77000,Premium,31,565000,3
C043,52,Female,41000,Standard,9,185000,17
C044,29,Male,54000,Standard,16,270000,9
C045,38,Female,95000,VIP,55,1020000,1
C046,24,Male,27000,Basic,4,90000,33
C047,41,Female,63000,Premium,23,435000,5
C048,36,Male,69000,Premium,26,475000,4
C049,31,Female,42000,Standard,12,225000,12
C050,60,Male,24000,Basic,3,70000,50
C051,34,Female,57000,Standard,18,295000,8
C052,47,Male,83000,VIP,42,795000,2
C053,25,Female,29000,Basic,5,100000,38
C054,43,Male,74000,Premium,30,540000,3
C055,32,Female,50000,Standard,15,265000,10
C056,28,Male,37000,Standard,10,188000,14
C057,55,Female,45000,Standard,11,210000,16
C058,39,Male,79000,Premium,33,595000,2
C059,26,Female,31000,Basic,6,112000,27
C060,48,Male,87000,VIP,47,865000,1
C061,33,Female,53000,Standard,16,272000,9
C062,41,Male,71000,Premium,27,490000,4
C063,29,Female,39000,Standard,11,205000,13
C064,57,Male,23000,Basic,2,58000,55
C065,36,Female,66000,Premium,25,455000,5
C066,30,Male,47000,Standard,14,248000,11
C067,44,Female,81000,VIP,44,825000,1
C068,27,Male,34000,Basic,7,128000,24
C069,52,Female,62000,Premium,22,415000,6
C070,38,Male,76000,Premium,29,520000,3
C071,25,Female,30000,Basic,5,98000,36
C072,46,Male,84000,VIP,46,850000,2
C073,31,Female,48000,Standard,13,240000,10
C074,59,Male,21000,Basic,2,52000,65
C075,35,Female,64000,Premium,24,448000,5
C076,42,Male,72000,Premium,28,505000,3
C077,28,Female,40000,Standard,10,192000,14
C078,50,Male,56000,Standard,17,285000,8
C079,37,Female,77000,Premium,31,560000,3
C080,24,Male,28000,Basic,4,85000,42
C081,45,Female,91000,VIP,51,940000,1
C082,32,Male,53000,Standard,15,258000,10
C083,58,Female,32000,Basic,3,78000,48
C084,29,Male,45000,Standard,12,228000,12
C085,43,Female,86000,VIP,48,895000,1
C086,26,Male,35000,Standard,9,178000,17
C087,39,Female,69000,Premium,26,472000,4
C088,33,Male,61000,Premium,21,398000,6
C089,47,Female,75000,Premium,28,508000,3
C090,30,Male,43000,Standard,13,235000,11
C091,54,Female,38000,Standard,8,170000,20
C092,27,Male,36000,Standard,10,185000,15
C093,41,Female,80000,VIP,43,808000,2
C094,35,Male,65000,Premium,24,445000,5
C095,28,Female,41000,Standard,11,208000,13
C096,62,Male,19000,Basic,1,48000,80
C097,36,Female,70000,Premium,27,488000,4
C098,43,Male,78000,Premium,30,545000,3
C099,31,Female,52000,Standard,16,268000,9
C100,49,Male,88000,VIP,50,915000,1
