Date,Region,Product,Category,Quantity,Revenue,Cost
2024-01-02,Seoul,Laptop,Electronics,3,4500000,3000000
2024-01-02,Busan,Smartphone,Electronics,10,8000000,5000000
2024-01-03,Daegu,Tablet,Electronics,5,3000000,2000000
2024-01-03,Seoul,Keyboard,Accessories,20,1000000,600000
2024-01-04,Incheon,Earphones,Accessories,15,1500000,900000
2024-01-04,Seoul,Laptop,Electronics,5,7500000,5000000
2024-01-05,Busan,Tablet,Electronics,8,4800000,3200000
2024-01-05,Daegu,Smartphone,Electronics,12,9600000,6400000
2024-01-06,Seoul,Earphones,Accessories,25,2500000,1500000
2024-01-07,Incheon,Laptop,Electronics,2,3000000,2000000
2024-01-08,Seoul,Keyboard,Accessories,30,1500000,900000
2024-01-09,Busan,Smartphone,Electronics,7,5600000,3500000
2024-01-10,Daegu,Tablet,Electronics,6,3600000,2400000
2024-01-11,Seoul,Laptop,Electronics,4,6000000,4000000
2024-01-12,Incheon,Earphones,Accessories,18,1800000,1080000
2024-01-13,Seoul,Smartphone,Electronics,9,7200000,4800000
2024-01-14,Busan,Keyboard,Accessories,22,1100000,660000
2024-01-15,Seoul,Laptop,Electronics,6,9000000,6000000
2024-01-16,Daegu,Earphones,Accessories,20,2000000,1200000
2024-01-17,Incheon,Tablet,Electronics,7,4200000,2800000
2024-01-18,Seoul,Smartphone,Electronics,11,8800000,5500000
2024-01-19,Busan,Laptop,Electronics,3,4500000,3000000
2024-01-20,Seoul,Keyboard,Accessories,35,1750000,1050000
2024-01-21,Daegu,Tablet,Electronics,9,5400000,3600000
2024-01-22,Incheon,Smartphone,Electronics,14,11200000,7000000
2024-01-23,Seoul,Earphones,Accessories,30,3000000,1800000
2024-01-24,Busan,Laptop,Electronics,5,7500000,5000000
2024-01-25,Seoul,Smartphone,Electronics,8,6400000,4000000
2024-01-26,Daegu,Keyboard,Accessories,25,1250000,750000
2024-01-27,Incheon,Tablet,Electronics,10,6000000,4000000
2024-02-01,Seoul,Laptop,Electronics,7,10500000,7000000
2024-02-02,Busan,Earphones,Accessories,20,2000000,1200000
2024-02-03,Daegu,Smartphone,Electronics,13,10400000,6500000
2024-02-04,Seoul,Tablet,Electronics,8,4800000,3200000
2024-02-05,Incheon,Keyboard,Accessories,28,1400000,840000
2024-02-06,Seoul,Laptop,Electronics,4,6000000,4000000
2024-02-07,Busan,Smartphone,Electronics,16,12800000,8000000
2024-02-08,Daegu,Earphones,Accessories,22,2200000,1320000
2024-02-09,Seoul,Tablet,Electronics,11,6600000,4400000
2024-02-10,Incheon,Laptop,Electronics,6,9000000,6000000
2024-02-11,Seoul,Keyboard,Accessories,40,2000000,1200000
2024-02-12,Busan,Tablet,Electronics,9,5400000,3600000
2024-02-13,Daegu,Smartphone,Electronics,10,8000000,5000000
2024-02-14,Seoul,Laptop,Electronics,8,12000000,8000000
2024-02-15,Incheon,Earphones,Accessories,25,2500000,1500000
2024-02-16,Seoul,Smartphone,Electronics,12,9600000,6000000
2024-02-17,Busan,Keyboard,Accessories,30,1500000,900000
2024-02-18,Daegu,Laptop,Electronics,5,7500000,5000000
2024-02-19,Seoul,Tablet,Electronics,14,8400000,5600000
2024-02-20,Incheon,Smartphone,Electronics,9,7200000,4500000
2024-03-01,Seoul,Laptop,Electronics,10,15000000,10000000
2024-03-02,Busan,Earphones,Accessories,35,3500000,2100000
2024-03-03,Daegu,Smartphone,Electronics,18,14400000,9000000
2024-03-04,Seoul,Keyboard,Accessories,45,2250000,1350000
2024-03-05,Incheon,Tablet,Electronics,12,7200000,4800000
2024-03-06,Seoul,Laptop,Electronics,7,10500000,7000000
2024-03-07,Busan,Smartphone,Electronics,20,16000000,10000000
2024-03-08,Daegu,Tablet,Electronics,15,9000000,6000000
2024-03-09,Seoul,Earphones,Accessories,28,2800000,1680000
2024-03-10,Incheon,Keyboard,Accessories,38,1900000,1140000
2024-03-11,Seoul,Smartphone,Electronics,14,11200000,7000000
2024-03-12,Busan,Laptop,Electronics,9,13500000,9000000
2024-03-13,Daegu,Earphones,Accessories,30,3000000,1800000
2024-03-14,Seoul,Tablet,Electronics,16,9600000,6400000
2024-03-15,Incheon,Smartphone,Electronics,11,8800000,5500000
2024-03-16,Seoul,Keyboard,Accessories,50,2500000,1500000
2024-03-17,Busan,Tablet,Electronics,13,7800000,5200000
2024-03-18,Daegu,Laptop,Electronics,6,9000000,6000000
2024-03-19,Seoul,Smartphone,Electronics,17,13600000,8500000
2024-03-20,Incheon,Earphones,Accessories,32,3200000,1920000
2024-04-01,Seoul,Laptop,Electronics,11,16500000,11000000
2024-04-02,Busan,Keyboard,Accessories,42,2100000,1260000
2024-04-03,Daegu,Smartphone,Electronics,15,12000000,7500000
2024-04-04,Seoul,Earphones,Accessories,38,3800000,2280000
2024-04-05,Incheon,Tablet,Electronics,13,7800000,5200000
2024-04-06,Seoul,Smartphone,Electronics,19,15200000,9500000
2024-04-07,Busan,Laptop,Electronics,8,12000000,8000000
2024-04-08,Daegu,Keyboard,Accessories,55,2750000,1650000
2024-04-09,Seoul,Tablet,Electronics,17,10200000,6800000
2024-04-10,Incheon,Laptop,Electronics,10,15000000,10000000
2024-04-11,Seoul,Earphones,Accessories,40,4000000,2400000
2024-04-12,Busan,Smartphone,Electronics,22,17600000,11000000
2024-04-13,Daegu,Tablet,Electronics,14,8400000,5600000
2024-04-14,Seoul,Laptop,Electronics,13,19500000,13000000
2024-04-15,Incheon,Keyboard,Accessories,48,2400000,1440000
2024-04-16,Seoul,Smartphone,Electronics,16,12800000,8000000
2024-04-17,Busan,Earphones,Accessories,35,3500000,2100000
2024-04-18,Daegu,Laptop,Electronics,7,10500000,7000000
2024-04-19,Seoul,Tablet,Electronics,20,12000000,8000000
2024-04-20,Incheon,Smartphone,Electronics,18,14400000,9000000
